-- phpMyAdmin SQL Dump
-- version 4.8.5
-- https://www.phpmyadmin.net/
--
-- Hôte : 127.0.0.1:3306
-- Généré le :  mar. 22 oct. 2019 à 15:06
-- Version du serveur :  5.7.26
-- Version de PHP :  7.2.18

SET SQL_MODE = "NO_AUTO_VALUE_ON_ZERO";
SET AUTOCOMMIT = 0;
START TRANSACTION;
SET time_zone = "+00:00";


/*!40101 SET @OLD_CHARACTER_SET_CLIENT=@@CHARACTER_SET_CLIENT */;
/*!40101 SET @OLD_CHARACTER_SET_RESULTS=@@CHARACTER_SET_RESULTS */;
/*!40101 SET @OLD_COLLATION_CONNECTION=@@COLLATION_CONNECTION */;
/*!40101 SET NAMES utf8mb4 */;

--
-- Base de données :  `as2_blog`
--

-- --------------------------------------------------------

--
-- Structure de la table `category`
--

DROP TABLE IF EXISTS `category`;
CREATE TABLE IF NOT EXISTS `category` (
  `id` int(11) NOT NULL AUTO_INCREMENT,
  `title` varchar(255) COLLATE utf8mb4_unicode_ci NOT NULL,
  PRIMARY KEY (`id`)
) ENGINE=InnoDB AUTO_INCREMENT=33 DEFAULT CHARSET=utf8mb4 COLLATE=utf8mb4_unicode_ci;

--
-- Déchargement des données de la table `category`
--

INSERT INTO `category` (`id`, `title`) VALUES
(30, 'Economie'),
(31, 'Santé'),
(32, 'Environnement');

-- --------------------------------------------------------

--
-- Structure de la table `comment`
--

DROP TABLE IF EXISTS `comment`;
CREATE TABLE IF NOT EXISTS `comment` (
  `id` int(11) NOT NULL AUTO_INCREMENT,
  `post_id` int(11) NOT NULL,
  `content` longtext COLLATE utf8mb4_unicode_ci NOT NULL,
  `created_at` datetime NOT NULL,
  PRIMARY KEY (`id`),
  KEY `IDX_9474526C4B89032C` (`post_id`)
) ENGINE=InnoDB AUTO_INCREMENT=63 DEFAULT CHARSET=utf8mb4 COLLATE=utf8mb4_unicode_ci;

--
-- Déchargement des données de la table `comment`
--

INSERT INTO `comment` (`id`, `post_id`, `content`, `created_at`) VALUES
(1, 580, 'Id aliquid iste est. Nisi reiciendis quo ut impedit laudantium dicta animi. In odit qui sequi repellendus totam nesciunt. Velit ut et dolorem molestias non rerum fugiat.\n\nDucimus magni repudiandae autem quaerat quia. Error quae in ut accusamus nostrum. Ut minima blanditiis nemo voluptatibus.\n\nEst placeat sunt eum alias. Ullam quia perspiciatis et nulla modi beatae nostrum. Dignissimos qui aut saepe.', '2019-07-03 13:37:05'),
(2, 580, 'Qui similique sit dignissimos expedita fuga. Tempore numquam eos praesentium. Accusantium voluptas explicabo rerum assumenda perspiciatis. Eaque ullam illo nisi.\n\nMolestias deleniti repudiandae aut est. Cum soluta ut ut illum voluptates et. Eos error pariatur similique aut soluta similique sunt. Perferendis unde aliquid veritatis neque et.\n\nIusto necessitatibus quo neque dolor magnam. Illum voluptatem rerum esse sequi. Unde quia omnis tempore nesciunt eligendi nemo.', '2019-05-07 06:12:15'),
(3, 581, 'Vel sint enim numquam ad sed quidem vel. Dolore dolores ea ipsum. Provident praesentium natus amet ad ad. Voluptas est alias dolor vero ea.\n\nDeleniti repellat vel ut nobis incidunt et dignissimos. Optio ea sit provident maiores temporibus. Dolores dolorem sit sit culpa. Laboriosam atque commodi aut occaecati iure veritatis eos.\n\nHarum omnis ducimus omnis itaque. Qui porro modi fugiat reprehenderit rem. Consequatur quo hic dolor iste.', '2019-05-08 11:39:04'),
(4, 581, 'Deserunt ipsa ducimus odio quam. Ducimus quidem voluptas est ab natus harum nisi optio. Inventore delectus delectus est in.\n\nEt non similique sint quas. Autem minima et maxime eum. Veniam beatae qui exercitationem et quidem error corrupti. Culpa nemo vero veritatis in.\n\nExplicabo rerum et temporibus minima debitis sint. Optio aut eum sapiente ipsum rem. Quam ipsum possimus omnis eos soluta.', '2019-06-12 09:54:05'),
(5, 582, 'Esse sunt animi accusamus sequi reiciendis deserunt ratione. Consequatur laborum sit molestiae quia. Inventore hic ipsum rerum praesentium consequatur nisi. Aperiam fugit quia sequi omnis tenetur cum quas magni.\n\nRem mollitia maxime sed asperiores. Velit libero velit est. Aut inventore ex et praesentium voluptas suscipit ad.\n\nQuia dolorum et quaerat quia molestiae. Nostrum eius vel excepturi est minima sit. Soluta tenetur porro consequatur consequatur quis. Nisi vel minus nulla earum est molestiae.', '2019-05-08 16:14:45'),
(6, 582, 'Voluptates sint recusandae qui quasi. Aut nulla qui ab saepe eum voluptas dicta vero. Pariatur sint et sint ea. Libero tempore ut id tempore et debitis.\n\nExercitationem vel autem quis. Veritatis laborum non maiores soluta odio quam atque. Quis possimus vel iusto sit doloribus ut dolorum.\n\nVel alias voluptas nam fugit deleniti. Temporibus ducimus voluptatem suscipit animi quam consequuntur aut. Consequuntur quia nam inventore et qui doloremque debitis.', '2019-04-28 15:59:28'),
(7, 583, 'Dolorem possimus aut non aut cupiditate possimus. Reiciendis ratione laudantium aliquid cumque. Vero aut est beatae sapiente est quod. Ipsum voluptatem ullam omnis molestias sapiente quam eos.\n\nSuscipit voluptatem blanditiis voluptas et eaque. Nihil ea atque est aut reprehenderit aut vero consectetur. Ut nihil veniam soluta perferendis illum.\n\nVoluptas sed et itaque est. Maxime quo itaque ab illo repellat. Dolorem enim alias cum et ut nobis non. Rerum architecto quibusdam voluptatem qui.', '2019-08-13 12:03:28'),
(8, 584, 'Laudantium quas et enim labore qui. Quam culpa fuga aut qui sunt. Sit eos ut et possimus temporibus enim itaque qui.\n\nRerum facere et similique numquam fugiat ut. Quo enim quia aut id quaerat. Rerum ipsum deserunt inventore accusamus ea.\n\nAlias impedit qui molestiae atque ut dolore. Vitae non consectetur modi consectetur temporibus perferendis. Alias sint enim unde aperiam unde sint laborum.', '2019-05-23 14:17:01'),
(9, 584, 'Explicabo ratione eum temporibus occaecati voluptate eligendi voluptatem. Repudiandae aut ipsam corporis tenetur. Qui qui nulla labore debitis eos. Aut ut voluptatem quas.\n\nAccusantium et magni voluptas ut et officiis. Et quam odit porro totam eum harum laborum. Doloremque debitis et aliquam consequatur debitis eaque sit repudiandae.\n\nSoluta sed quia pariatur modi similique excepturi. Eum eveniet labore voluptatem perspiciatis officia. Rerum suscipit quae qui quis officiis ut.', '2019-05-02 07:24:24'),
(10, 584, 'Vitae corporis et iusto et. Omnis voluptatem voluptas totam ex. Ex et atque quas magni adipisci atque.\n\nMolestias maxime laborum quis culpa illo similique. Eos ad rerum voluptas cupiditate est unde. Quasi reprehenderit eos blanditiis quod et itaque.\n\nEa odio temporibus totam quas ducimus beatae quia molestias. Quaerat consectetur magnam voluptatibus. Dignissimos facere qui quia sapiente. Rerum voluptas earum et.', '2019-07-27 02:10:29'),
(11, 584, 'Et doloribus ipsa ducimus tempora eum nihil. Quia impedit veniam hic autem molestiae ea. Aliquam deleniti ratione quia beatae est corrupti quam. Ut voluptates id et consequuntur ut quaerat.\n\nAut vitae vitae exercitationem officiis rem et. Eaque quia optio consequatur voluptatem magnam. Aut nihil consequuntur ut quod corrupti modi nulla ducimus.\n\nQuia deserunt autem id quis fugiat repellendus id. Dolorem eos consequuntur laborum illum. Dolorem perferendis sapiente inventore at id.', '2019-09-02 18:45:54'),
(12, 585, 'Aspernatur est iure voluptas similique. Adipisci aut error deleniti quas. Consequatur quam ut in.\n\nRepudiandae itaque ea velit nihil. Qui dolorem tenetur rerum ducimus facere accusamus. Reprehenderit libero molestiae sint voluptatem.\n\nQuo maiores numquam dolorem vitae velit molestias repellat. Cupiditate corporis ullam est quis non. Dolor totam laboriosam ullam asperiores incidunt debitis eos. Velit nesciunt veritatis dolorum exercitationem excepturi nihil minus. Tempore ut ipsam quo at.', '2019-09-06 18:25:01'),
(13, 585, 'Aut voluptates dolores et eveniet. Ut aliquam nostrum error sed possimus blanditiis ut mollitia. Molestiae voluptatem nesciunt eveniet assumenda praesentium illum. Odit et consequatur autem iusto.\n\nHic rerum nam voluptas excepturi. Molestiae eius nihil rerum commodi porro. Deserunt voluptas consequatur et recusandae explicabo.\n\nIste iste minima culpa atque quia. Rerum qui ipsam tenetur ea maxime laudantium voluptatem. Blanditiis laudantium similique sapiente ea et corporis asperiores.', '2019-08-10 03:25:08'),
(14, 586, 'Asperiores eveniet culpa quasi nemo qui quas. Eligendi nihil id a dolores facilis. Voluptas reprehenderit cum sit. Ipsum tempore nobis explicabo illum.\n\nMolestiae dignissimos aut et repellat voluptatem eos nemo. Iure quam distinctio voluptatem est qui nam qui. Sint pariatur sequi consectetur velit ratione unde. Veritatis expedita ducimus animi molestiae officiis et quasi iusto. Atque dolor iure pariatur nisi ea nam est.\n\nEum explicabo corrupti reprehenderit distinctio quia. Qui amet rerum ut ex consectetur asperiores quia. Qui sunt cum sit sapiente a.', '2019-05-31 07:35:06'),
(15, 586, 'Suscipit ad quas eum nulla nisi optio culpa. Eum atque dolorum debitis dolores. Molestiae occaecati libero praesentium illo. Doloribus suscipit cum nihil dolorem magni officiis.\n\nArchitecto aperiam libero laudantium aut repellendus vel doloribus. Possimus quo consequatur quisquam est ut. Mollitia dolorem dolorem quos aut velit. Perferendis aut incidunt earum maiores quasi.\n\nEst officia ipsum possimus totam omnis sit. Soluta corporis possimus animi sed voluptates. Autem ut sit est nulla. Voluptatem occaecati dignissimos consequuntur doloribus.', '2019-06-30 17:02:31'),
(16, 586, 'Sed aut sunt doloribus ullam velit atque. Magnam autem quisquam voluptates cumque qui commodi voluptate. Nam quidem est ut. Mollitia doloribus in consectetur fuga.\n\nQuisquam est voluptas explicabo saepe et enim. Libero omnis repellat veniam quo. Dignissimos fugit asperiores est quia consequatur. Ipsa ea ullam qui velit recusandae.\n\nSuscipit autem debitis distinctio et. Voluptate quisquam aspernatur esse ad qui cumque. Non dolorem amet magni.', '2019-08-13 18:25:34'),
(17, 587, 'Nulla nihil consequatur dolorem porro voluptatum ea. Qui qui repellendus reprehenderit saepe illo corrupti voluptatibus pariatur. Sed vel dolore harum impedit.\n\nLaboriosam autem eum qui expedita reiciendis occaecati. Eaque architecto sequi ea et. Voluptates sunt sed quas ratione dignissimos. Sunt totam officia quod doloribus.\n\nAliquid rerum et esse repellat ab. Qui et earum ullam.', '2019-09-14 02:40:32'),
(18, 588, 'Esse ea ut totam quia natus quaerat sapiente. Vero similique explicabo quis natus velit aut et.\n\nVeniam optio autem voluptatem voluptatum. Ducimus est sequi recusandae non rerum nihil. Voluptatem nihil fuga minus laborum itaque.\n\nId beatae eligendi voluptate cum ullam. Ut voluptas architecto quis consequatur. Qui minus dolor consequatur enim est quae. Exercitationem molestiae beatae cumque dolorum libero occaecati eligendi sunt.', '2019-05-10 20:23:21'),
(19, 588, 'Maiores cumque quaerat earum nostrum. Quibusdam asperiores quis deleniti. Hic sit similique nulla dolor voluptatum fugiat ratione. Voluptatem debitis nostrum qui doloribus.\n\nLaudantium soluta molestias nam suscipit quisquam molestias. Sapiente in quibusdam ut placeat provident. Aut ipsa eos id neque repellendus. Veniam beatae quo sit est provident nostrum.\n\nMaiores voluptas ut ipsam aliquam expedita. Eos quas voluptatem vero. Est quod rerum et ratione fugiat. Vel eos libero commodi dolores nemo ipsum sit.', '2019-08-03 23:31:33'),
(20, 588, 'Alias sed voluptas non amet consequatur inventore ut. Sed ut minus possimus non. Et quis id voluptatem vitae voluptates quaerat. Mollitia tempora vel rerum illum est omnis.\n\nAb quis perferendis illum ex est quisquam ut beatae. Saepe exercitationem consequuntur officiis quia alias dicta. Animi blanditiis natus rem culpa dolor sit velit. Veritatis harum sit consequatur maiores magnam saepe.\n\nSit porro voluptatum nobis rem quia. Quo illo libero distinctio doloremque soluta ex aut. Aut quam iusto impedit aut.', '2019-05-31 00:01:29'),
(21, 589, 'Ut optio cum officia quos. Vitae suscipit esse assumenda totam illo aut. Quo qui doloremque quia.\n\nAliquam adipisci voluptas enim. Quia aliquid qui et architecto. Repellat autem quo qui iure totam aperiam nulla. Quo itaque tempora voluptatem in maiores consequatur.\n\nConsequatur aspernatur consequatur laborum. Ducimus possimus ex dignissimos minus ut quis. Consequuntur incidunt quo nisi dolores quaerat nostrum doloremque.', '2019-05-10 23:10:28'),
(22, 589, 'Ut quidem ut natus distinctio dolorem et asperiores. Sunt dolores fuga hic qui.\n\nOdio voluptas vel dolores asperiores cum iste culpa. Modi quo magni molestiae sed. Nihil ex repudiandae nam quam quia id.\n\nVeniam fugiat sit ut rerum laudantium voluptatem est necessitatibus. Sed adipisci doloribus eius dolores. Dolor error cupiditate repellat esse. Aperiam fuga doloremque non.', '2019-05-14 07:55:00'),
(23, 589, 'Dolor aut eos molestiae. Atque consequatur praesentium earum aut tenetur iure. Quo vel molestiae dignissimos voluptas. Facere aut qui error.\n\nTempora voluptatibus cumque et soluta consequuntur beatae. Sapiente sed autem illo eaque. Excepturi hic quaerat maxime et doloribus reiciendis.\n\nEveniet exercitationem quam rerum est. Beatae sit maiores unde pariatur et sit aspernatur. Molestiae alias quo est aut qui omnis qui.', '2019-10-01 18:17:30'),
(24, 590, 'Qui rem ab laudantium eligendi. Asperiores necessitatibus quia sed. Qui et magni sint molestias.\n\nTenetur delectus ducimus eligendi laboriosam nobis. Dolor quos aut voluptates voluptas inventore. Cum tempora minus libero quia blanditiis. Sequi inventore nulla eum porro tempora suscipit. Neque nesciunt dolore ducimus voluptates.\n\nConsequuntur maxime eligendi quae dolor est culpa. Dicta amet est sint reiciendis tempora repudiandae perspiciatis sed. Suscipit quisquam repudiandae eligendi qui nam. Sapiente dolores asperiores dolorem.', '2019-08-13 06:05:06'),
(25, 590, 'At eum perferendis nisi assumenda architecto vitae sed. Minima ut laboriosam error omnis modi. Beatae vitae quia quibusdam enim.\n\nQuis dolor maxime ut eum assumenda eum inventore aut. Voluptate voluptas sed quos voluptatem ipsa dolorem eius. Ut optio ratione aut omnis quidem quisquam quia cumque.\n\nRatione eos laudantium saepe labore totam et. Eligendi animi et consequatur ab assumenda quas ipsam quo. Exercitationem officia et placeat tenetur hic rerum.', '2019-10-05 23:43:11'),
(26, 590, 'Dolor laborum exercitationem dolores provident incidunt ipsum nisi. Impedit sapiente qui sit praesentium explicabo autem quis. Iste molestiae deserunt veniam iure dolor corporis libero.\n\nUt eos reiciendis reprehenderit. Commodi laborum sunt molestias. Illo nesciunt hic tempore est quo quibusdam possimus. Ad qui maiores aperiam aut ut facere.\n\nConsequuntur accusantium ut eos sunt rerum aspernatur quia. Facilis fugiat corrupti deleniti quas dolorem dolorem. Aperiam esse accusantium laudantium ab atque. Amet asperiores et incidunt quaerat voluptatem totam.', '2019-07-27 17:55:57'),
(27, 590, 'Voluptatem veritatis quae velit consequatur voluptatum repellat autem. Nostrum dicta in id aut eligendi. Qui nemo quis ad consectetur ad maxime.\n\nNulla tempora dolor aut. Est animi vitae incidunt ea. Est reiciendis deserunt cum. Consectetur aspernatur velit rem repudiandae. Blanditiis quia debitis et vero iste.\n\nVoluptas omnis laborum temporibus provident qui. Eveniet sunt perspiciatis veniam occaecati. Magni aut placeat facilis porro aspernatur sit. Explicabo nemo impedit est expedita est.', '2019-08-30 02:39:35'),
(28, 591, 'Illum soluta rerum ut autem sed. Laborum quo non officia beatae. Ullam et velit corrupti.\n\nAperiam minima rerum nihil minima qui itaque. Provident possimus tempora aut itaque maxime voluptas repellat. Quam reprehenderit dolor inventore quidem.\n\nRepellat velit dolor iusto accusantium in sed et. Amet voluptatem neque dolor occaecati eaque voluptate. Cum dolores dolorum laborum quidem qui nam.', '2019-07-31 20:40:37'),
(29, 591, 'Corporis facilis quidem error beatae quia. Voluptatum suscipit aut quis eum delectus porro. Vel quidem neque nobis qui et. Aut quae commodi itaque et doloremque expedita.\n\nAspernatur dolores rem quam quam ipsum perferendis perferendis. Sint ut distinctio assumenda ut sequi. Consectetur corporis cum sapiente alias pariatur. Minus minima eos repellat rem harum dolores provident.\n\nMolestiae ipsam dolor inventore dolores quo fugiat laboriosam. Dolorem et accusamus similique ut. Voluptatem ipsam et optio in.', '2019-06-20 03:18:11'),
(30, 591, 'Enim est qui dolorem ea ad cum neque dolor. Non facilis velit debitis eum optio.\n\nMagni consectetur perspiciatis fugiat sunt nesciunt sit ratione. Occaecati non aut eveniet ut. Error et nemo dolores quo eos.\n\nQuis ex corrupti est excepturi autem delectus eius. Commodi id occaecati provident id. Cum laboriosam ipsum explicabo ipsam nesciunt possimus.', '2019-10-15 07:55:45'),
(31, 592, 'Consequatur sed quis deserunt inventore placeat. Itaque iste voluptatem a iusto perferendis. Eveniet sunt perferendis dicta delectus aut quaerat.\n\nAutem deserunt assumenda rerum et. Aperiam enim placeat et mollitia eaque. Omnis odit quasi non esse dolores.\n\nConsectetur repudiandae et commodi illo aliquid facilis. Officia possimus eius expedita necessitatibus. Omnis numquam quos quod nemo cupiditate magnam ullam.', '2019-05-17 11:33:18'),
(32, 592, 'Temporibus sunt quaerat voluptates ipsam eligendi voluptatem voluptates. Laborum voluptates quia aut voluptas aut numquam. Et velit omnis est possimus. Dolorem ad recusandae labore totam provident quidem.\n\nSed dolor dolores laborum beatae. Voluptatem consectetur quia velit maiores. Enim excepturi velit reiciendis debitis. Voluptatibus officia sed impedit perspiciatis ut expedita.\n\nSoluta omnis impedit et nostrum inventore non molestias. Sapiente quis voluptatem non minus dolorem. Qui vel quaerat eum officiis.', '2019-09-29 01:28:24'),
(33, 592, 'Qui iusto neque rerum a eum beatae. Tenetur delectus qui aliquam ut iste atque est. Necessitatibus repudiandae quia veniam enim dolorum odio sint.\n\nAt aut enim voluptatem itaque. Beatae tenetur assumenda autem magnam hic aut. Omnis vel et provident molestias quis in.\n\nAccusamus aut voluptatum dignissimos enim veritatis. Et tenetur perspiciatis nisi aut quidem eos ullam. Laborum est et quo facere quia voluptatem ut neque. Ducimus aut ad et et sed non.', '2019-08-22 04:24:30'),
(34, 593, 'Nam quod id voluptatem architecto officiis qui. Blanditiis velit alias qui.\n\nConsequatur dolores itaque doloribus tempora. Molestias qui autem ipsa quo repellat. Explicabo voluptate officia et in ut libero.\n\nIure et est ducimus eligendi. Eligendi ipsam harum qui illo soluta. Modi pariatur id quia ea aut et. Eos repudiandae ipsum nostrum enim. Unde minus id enim quam quae.', '2019-08-20 06:40:33'),
(35, 594, 'Et dolor perspiciatis sunt aspernatur. Sit fugit temporibus reprehenderit labore nostrum.\n\nVeniam adipisci et consequatur. Corrupti ad quis ratione nobis natus. Numquam veniam quis dolor ab aut doloremque.\n\nDolores ab unde at animi laborum nulla. Eius ut sint maiores velit possimus quos. Vitae quasi sed est ea et quis consectetur occaecati.', '2019-04-30 07:47:10'),
(36, 594, 'Aliquam eius harum excepturi est nihil et velit quas. Adipisci quo voluptates atque nihil. Et ratione aut et sit minima. Possimus vitae qui iusto aut sed. Deleniti cupiditate placeat occaecati sunt voluptas.\n\nEt tempore nemo aliquid. Sint quibusdam non totam non id.\n\nAccusantium sunt molestias velit voluptatem in reprehenderit. Esse eos illum natus cupiditate. Voluptatibus dolores veritatis sit perferendis voluptatem debitis qui.', '2019-07-19 11:33:09'),
(37, 594, 'Dolorem nemo hic dolorem neque qui. Corporis aut consequatur labore illo.\n\nMolestiae soluta voluptas vitae consequatur voluptas. Et itaque qui laborum eum porro corporis modi. Explicabo soluta est quo ad et possimus vel. Et odit omnis sint commodi. Sed et ad possimus sit sit cumque odit.\n\nHic et aut cumque ducimus. Voluptatem dolorum et libero nam dolorem fuga. Quae aliquam voluptas est consequuntur dolore nostrum quia.', '2019-06-24 23:50:21'),
(38, 594, 'Omnis optio consectetur minima eum tempore. Sint repellat et consectetur debitis. Pariatur reprehenderit atque labore explicabo.\n\nConsequatur sit blanditiis ut aut ut. Perferendis soluta perspiciatis reprehenderit consequuntur est aut. Est voluptas voluptas quaerat possimus et.\n\nEt beatae perspiciatis incidunt amet velit similique. Totam dignissimos vel et eum. Aliquid quia officia voluptatum sed accusamus. Et ut aperiam doloremque id. Deserunt perferendis vitae distinctio soluta quo aut.', '2019-07-20 11:57:10'),
(39, 595, 'Corporis dolor et est illo eos. Asperiores vel rerum dolores et non. Reiciendis eum in nostrum modi similique quia. Animi et aut illum eius ea est.\n\nEst aperiam molestias sed quis. Atque tempore facere sed soluta quas. Id sequi molestiae voluptas veritatis illum provident. Soluta et non ut assumenda molestiae ratione incidunt aut.\n\nNon cumque maxime voluptatibus dolorem dolores. Exercitationem vero aut deleniti perspiciatis impedit. Enim commodi natus est dolorem tempore est esse.', '2019-09-21 19:28:35'),
(40, 595, 'Velit recusandae voluptatum nihil rerum laboriosam. Quia quo ab magnam distinctio. Esse molestias provident quia necessitatibus quae a ipsam.\n\nFuga repellat omnis dignissimos et est. Pariatur sequi illum neque. Facere recusandae nobis quis beatae quia atque doloribus modi. Suscipit nostrum odit voluptatem ad.\n\nMinima laboriosam qui quia quia debitis sit harum. Vero aut possimus quod rerum expedita pariatur quisquam. Nam assumenda impedit qui explicabo odit tempore aliquid corrupti.', '2019-07-29 23:33:33'),
(41, 595, 'Voluptate quo eos at qui et non. Explicabo sed dolores quibusdam voluptas. Molestias animi asperiores officia aut quasi nostrum reprehenderit. Sit aliquid voluptatibus quod quia architecto ut quia.\n\nRecusandae dolore corporis consequuntur ea. Perspiciatis non deleniti veniam non iure aut sed.\n\nFugiat veritatis dolores repellendus minus. Eos quam alias dolorum ipsum. Explicabo blanditiis doloribus non quibusdam temporibus et neque sunt. Voluptas odit qui autem.', '2019-10-08 02:47:19'),
(42, 597, 'Pariatur et voluptates optio eveniet. Corrupti quibusdam aut dicta architecto. Quo velit quam rerum eaque. Optio placeat aut omnis doloremque quia eaque qui voluptates.\n\nRepellendus dignissimos assumenda qui consectetur. Voluptatem officiis illum inventore in in. Rem quas enim minima ad exercitationem.\n\nMaiores modi quia accusamus nisi totam. Praesentium magnam sit voluptas suscipit tenetur.', '2019-07-26 13:40:35'),
(43, 597, 'Nisi dicta debitis quasi autem facilis. Non assumenda voluptatibus sapiente corrupti quaerat sequi praesentium ad. Earum dolorum quia fugit ab rerum reprehenderit iure.\n\nEt quo quod atque minus labore. Et enim sapiente qui cumque mollitia sed. Sint consequatur qui quae voluptatem. Dicta totam esse itaque architecto. Optio quia debitis asperiores et dicta id sapiente.\n\nQuod ipsum qui error ut facere unde. Corporis modi ducimus vel et. Enim reiciendis sint harum nostrum repellat. Cum aut et eos praesentium.', '2019-07-05 21:47:00'),
(44, 597, 'Quidem et ducimus nemo minima labore molestiae autem. Voluptatem rerum assumenda eveniet voluptas dicta odio. Sit rem iure nesciunt tenetur minus numquam. Sequi dignissimos laboriosam temporibus totam voluptatem. Accusantium itaque excepturi sunt aut qui et placeat.\n\nExpedita praesentium sed tenetur exercitationem. Molestiae ut inventore aliquid deserunt alias praesentium. Iusto quas iusto quam unde quae nulla.\n\nCommodi aut quis harum aut sed sequi mollitia. Eos libero laudantium est ea voluptas velit animi. Ipsam veniam sunt dolorem qui delectus repudiandae impedit. Dignissimos rerum cumque tempora quo quis nulla.', '2019-10-05 19:54:48'),
(45, 597, 'Corporis quod et omnis dignissimos sit. Et facere iste est qui nisi. Quia nam reprehenderit itaque aut deserunt ea ratione. Dolor ea cupiditate praesentium. Ut quam cum saepe labore est.\n\nEt quae et animi minus. Alias veritatis rerum enim et.\n\nSed iure ullam possimus similique est assumenda. Asperiores maiores aut voluptas omnis. Qui et unde et assumenda quia.', '2019-05-28 20:55:54'),
(46, 598, 'Perferendis praesentium nobis aliquid possimus. In quo tempora a possimus porro. Incidunt rem optio qui velit. Consequatur similique impedit et exercitationem.\n\nDolore blanditiis labore quaerat aliquam nam aliquam illum. Omnis eum labore fuga ea alias enim voluptas id. Culpa earum ipsum sunt. Vitae similique ut architecto quisquam architecto adipisci asperiores consequatur.\n\nEveniet eaque optio aut est. Nesciunt quidem delectus nulla et earum odit. Quia dolore officia quidem quae dolor dicta.', '2019-09-24 10:51:32'),
(47, 599, 'Et voluptates veniam nam consectetur. Aut id autem odio exercitationem aut perferendis consequatur. Est cumque adipisci voluptatibus facilis laboriosam dolorem. Possimus ea ea aliquam. Commodi beatae et dolorem veritatis totam ut aut.\n\nIure fuga quam illo dolores exercitationem quia. Non repellat qui eum modi quis totam qui. Sunt repellendus impedit quasi.\n\nCulpa consequuntur nesciunt ipsam sunt. Enim nostrum expedita culpa hic vel voluptatem voluptates. Officia dolorum ipsa recusandae veniam architecto quia eos. Culpa natus et sint enim qui illo.', '2019-07-03 15:05:59'),
(48, 599, 'Eaque ratione explicabo aut iusto iste. Iure enim quia ea est quia odit. Quod natus ex numquam quo dolor. Ipsa vero debitis voluptas et eos.\n\nDolor sed quo deserunt facere repudiandae. Nam consequatur voluptatem vitae veritatis. Blanditiis eum nulla et et est.\n\nSuscipit dicta asperiores dignissimos praesentium ea voluptatem. Labore et numquam eos inventore aperiam distinctio repellat. Sapiente magni asperiores quia quisquam qui et aut. Quod animi quia aliquid natus est vitae.', '2019-09-18 05:57:28'),
(49, 600, 'Veritatis reprehenderit eum error veritatis. Nisi et dignissimos voluptatem nobis sit. Architecto et aut reprehenderit ipsa illo. Harum veniam consequatur voluptates quia cumque non. Necessitatibus et accusantium aliquid exercitationem sed necessitatibus delectus.\n\nA dolor ducimus iure magni perspiciatis unde illo excepturi. Aut temporibus dignissimos aut et. Quod sint pariatur laborum sint in.\n\nVoluptate quisquam neque voluptatem quos alias. Enim voluptatem eum aut hic esse maxime fuga. Architecto quam voluptate dignissimos. Debitis et amet accusamus voluptas maiores alias facere.', '2019-05-17 20:00:06'),
(50, 600, 'Magnam laboriosam voluptate reprehenderit cumque. Unde labore dolorem nobis.\n\nExercitationem minus occaecati est tempore culpa laborum quo quia. Aut et dicta commodi autem. Voluptatem est expedita veniam temporibus.\n\nQuia rerum reprehenderit saepe. Repudiandae magni sit odio sit omnis harum quis. Eveniet aut est harum voluptatem ex iusto sint. Sunt eligendi voluptas modi cupiditate nam quis enim illo.', '2019-08-20 15:16:43'),
(51, 600, 'Impedit consequuntur saepe quia harum. Dolorem error doloribus impedit voluptatum quis modi et dolor. Recusandae laboriosam ullam nesciunt accusamus perspiciatis hic.\n\nNon fuga ut nisi et. Repellat sequi et impedit occaecati quod voluptates consectetur. Omnis quasi est mollitia temporibus libero harum sit explicabo. Mollitia fugiat reprehenderit sint aut est.\n\nSoluta soluta voluptas aut dignissimos eius tempora officia. Sunt dignissimos occaecati mollitia asperiores recusandae omnis. Quo dolores est unde et magnam vitae molestiae.', '2019-09-08 04:51:59'),
(52, 600, 'Reiciendis dolore voluptate ut reprehenderit minima qui. Doloribus aut quo quia. Architecto aut corporis nisi.\n\nDolore exercitationem est provident. Id neque reiciendis sit et ipsam unde aut. Placeat rerum est enim dolorum ab officiis ab. Esse velit sit aut hic perferendis.\n\nDolorem dolores ea occaecati quis fugiat nostrum autem. Quis earum provident numquam ea nihil temporibus.', '2019-06-24 23:40:01'),
(53, 601, 'Sit blanditiis quia earum sint animi. Eum numquam quasi est quis accusantium molestiae. Eum nobis autem aut eos est ad iste quaerat.\n\nVoluptates excepturi doloremque voluptatem et voluptas minima ea. Quaerat omnis impedit itaque vitae. Qui voluptas hic laudantium et dolores.\n\nUnde necessitatibus suscipit a sed libero. Consequatur amet placeat saepe iure quibusdam reiciendis autem. Et nulla architecto voluptas et libero sit. Aperiam doloremque qui quae.', '2019-07-24 08:30:07'),
(54, 602, 'Eaque molestiae officia earum qui voluptatem. Totam nulla non molestiae enim eius. Doloremque quia officiis eveniet quidem omnis rem hic.\n\nNostrum voluptatem et ducimus atque sed et pariatur minima. Provident mollitia cumque sint facilis quod et tempore. Possimus placeat quod magnam facere.\n\nEt perspiciatis nobis facilis explicabo. Delectus dolores consequuntur quaerat quae dolor quo. Est quaerat beatae architecto ut. Aliquam id reiciendis suscipit voluptates voluptatem. Non laboriosam neque officia dolor deserunt at et.', '2019-05-30 01:26:54'),
(55, 603, 'Amet mollitia rerum sit quia voluptas doloremque. Quis beatae ipsa accusantium. Ut non assumenda maiores quos.\n\nSit illo tempora placeat. Eius dolores possimus voluptas et magnam. Nesciunt at accusamus et.\n\nNon esse cupiditate nesciunt recusandae sit fugit. Pariatur et nemo quo beatae sed. Vero placeat sed est iste voluptatem laborum et.', '2019-05-24 11:50:57'),
(56, 603, 'Illum eius aut quis molestias. Non quia ut dolorum nemo molestiae voluptatibus architecto. Ullam eum eum sed debitis debitis temporibus.\n\nEst deserunt aliquam blanditiis sed. Assumenda dolor ipsam consequatur aperiam velit quas. Porro ut in cum commodi.\n\nNesciunt repellendus pariatur consequuntur. Quam neque occaecati praesentium officiis quisquam eveniet maiores. Beatae consequatur est quis libero rem.', '2019-06-04 01:13:03'),
(57, 604, 'Sed magni vero voluptatem totam ut. Veniam sit ut dignissimos aut hic sed. Numquam debitis non quisquam voluptate est.\n\nRerum sint alias eligendi est tempore. Repellendus delectus distinctio quae consectetur quo consectetur architecto sit. Laudantium ducimus laborum voluptatem. Voluptatem officia eaque blanditiis ipsam. Aliquam illo iste dolores vitae rem.\n\nOdit numquam accusantium et explicabo porro est. Iste sed temporibus ut vero. Aut sint vitae rerum deserunt nobis ea.', '2019-07-05 17:01:29'),
(58, 604, 'Nihil sit eos dignissimos temporibus delectus dignissimos. Dignissimos deleniti odit excepturi sunt. Est aut aut unde non est quisquam iusto. Fugit doloremque et sit soluta veritatis ut hic.\n\nRecusandae dolorum exercitationem vero dolor sequi. Nihil harum similique in sit non veritatis ut consectetur. Enim et sint iste. Cumque et sapiente quam delectus quae quo doloremque.\n\nQuis ipsam officia quia aspernatur. In qui sit iste alias ut quis ab. Omnis molestias nesciunt voluptatem non. Vero sint excepturi voluptas et aut eos.', '2019-06-11 21:26:18'),
(59, 585, 'Coucou', '2019-10-22 14:40:15'),
(60, 585, 'Coucou', '2019-10-22 14:40:34'),
(61, 585, 'Commentaire bidon', '2019-10-22 14:40:56'),
(62, 585, 'Je ne pense pas', '2019-10-22 16:46:12');

-- --------------------------------------------------------

--
-- Structure de la table `migration_versions`
--

DROP TABLE IF EXISTS `migration_versions`;
CREATE TABLE IF NOT EXISTS `migration_versions` (
  `version` varchar(14) COLLATE utf8mb4_unicode_ci NOT NULL,
  `executed_at` datetime NOT NULL COMMENT '(DC2Type:datetime_immutable)',
  PRIMARY KEY (`version`)
) ENGINE=InnoDB DEFAULT CHARSET=utf8mb4 COLLATE=utf8mb4_unicode_ci;

--
-- Déchargement des données de la table `migration_versions`
--

INSERT INTO `migration_versions` (`version`, `executed_at`) VALUES
('20191016091348', '2019-10-16 09:19:06'),
('20191016124504', '2019-10-16 12:46:33'),
('20191016140612', '2019-10-16 14:07:13'),
('20191022134636', '2019-10-22 13:47:38');

-- --------------------------------------------------------

--
-- Structure de la table `post`
--

DROP TABLE IF EXISTS `post`;
CREATE TABLE IF NOT EXISTS `post` (
  `id` int(11) NOT NULL AUTO_INCREMENT,
  `title` varchar(255) COLLATE utf8mb4_unicode_ci NOT NULL,
  `introduction` longtext COLLATE utf8mb4_unicode_ci NOT NULL,
  `content` longtext COLLATE utf8mb4_unicode_ci NOT NULL,
  `image` varchar(255) COLLATE utf8mb4_unicode_ci NOT NULL,
  `category_id` int(11) DEFAULT NULL,
  PRIMARY KEY (`id`),
  KEY `IDX_5A8A6C8D12469DE2` (`category_id`)
) ENGINE=InnoDB AUTO_INCREMENT=605 DEFAULT CHARSET=utf8mb4 COLLATE=utf8mb4_unicode_ci;

--
-- Déchargement des données de la table `post`
--

INSERT INTO `post` (`id`, `title`, `introduction`, `content`, `image`, `category_id`) VALUES
(580, 'L\'assurance de concrétiser vos projets en toute sécurité', 'Ipsa enim fugiat aliquid eaque atque reiciendis provident labore dolorem iure quibusdam sit ut quis vel numquam qui ad.', 'Ullam modi vero ab rem. Debitis culpa quibusdam beatae nam eaque. In omnis rem illo delectus. Voluptatem repellendus quia ut voluptatem asperiores quo.\n\nQuisquam eum recusandae quod possimus fugit quia. Et sequi rerum illum natus similique laudantium. Ex amet libero beatae et quidem vel necessitatibus.\n\nQuo recusandae quos sed magni ipsam excepturi explicabo. Quo tempore atque ducimus libero minima vitae. Voluptatem et laudantium beatae quas non ut vel. Qui quo tempora voluptas veniam quia distinctio ut quaerat.\n\nOmnis veniam neque est reprehenderit repellendus error. Nam est esse consequuntur nam. Beatae eius inventore animi mollitia odit asperiores.\n\nRecusandae voluptas sit aut iste numquam sapiente. Voluptatem voluptatem aut error similique reiciendis molestiae consequuntur harum. Sit repellat voluptatem voluptatem consectetur. Et dignissimos corporis harum animi nemo.', 'https://lorempixel.com/400/400/?84196', 30),
(581, 'Le droit de changer de manière sûre', 'Nemo quis voluptatibus eaque ut repudiandae quia earum eos iste dolor iusto adipisci non reprehenderit et tempore ut beatae.', 'Ut non aut doloremque blanditiis. Eum est eum praesentium deleniti maiores eligendi inventore. Sed possimus molestias voluptatem ut animi sunt ratione.\n\nNecessitatibus et nulla laudantium consequatur facere odio. Tempora sunt incidunt corrupti aspernatur velit. Quia commodi deleniti impedit labore inventore deserunt suscipit. Sit ex sed eveniet eveniet nobis.\n\nQuaerat qui ut pariatur molestias omnis rerum. Voluptatem aspernatur et aut architecto sint. Voluptas laboriosam enim nesciunt eos corrupti non est mollitia. Magni in at nesciunt molestiae laboriosam necessitatibus.\n\nDolores expedita commodi sunt nisi dolorem qui. Praesentium temporibus dignissimos et at in fugiat enim. Autem velit cum odio sequi aliquid. Iure quod rerum voluptas ullam officia cum ut.\n\nUnde eveniet officiis qui. Sunt distinctio quo similique voluptatibus voluptatem. Ut laborum occaecati repudiandae quos. Doloremque placeat molestiae suscipit eveniet maiores. Porro neque vero numquam et quo rerum ut.', 'https://lorempixel.com/400/400/?53939', 30),
(582, 'La possibilité d\'évoluer plus simplement', 'Maxime ea et velit voluptatem deleniti iure possimus vel nam.', 'Nemo unde quas sed repellendus atque reprehenderit doloremque ut. Aut aliquam quibusdam debitis in possimus cumque suscipit. Omnis nobis ea deleniti impedit quas.\n\nConsequatur est et ut quidem quis cupiditate sed. Sunt recusandae doloribus tenetur et possimus.\n\nNemo a qui quasi vel. Sint nobis optio quae esse. Nisi dolores quia et voluptate quis totam est non. Et laudantium nulla voluptatibus. Itaque quod atque minima.\n\nNon rerum beatae fugiat cum. Error repellendus odit vel repudiandae molestiae. Tempore excepturi repudiandae blanditiis sit accusantium aspernatur ullam.\n\nAutem non dolorum consequatur ut. Necessitatibus eaque nulla recusandae perferendis dolores voluptatem. Autem architecto eum vitae et cumque eius accusantium.', 'https://lorempixel.com/400/400/?79869', 30),
(583, 'La possibilité d\'avancer à la pointe', 'Maxime incidunt doloremque in vel dolores cumque ullam rem est est sit et blanditiis blanditiis.', 'Est alias ut delectus aut. Minima cumque voluptate consequatur ab et. Autem explicabo ipsa esse nostrum. Assumenda esse quam sit adipisci et.\n\nEt ut fuga qui corrupti quas optio. Fuga molestias veniam error impedit. Aut nulla unde voluptates. Unde quibusdam dolor et incidunt maiores praesentium quis.\n\nEum eligendi pariatur officiis veritatis alias vel. Rerum veniam vero corrupti voluptatibus aliquid.\n\nVoluptatem rerum id voluptatem dignissimos. Est dolor assumenda in odio placeat cupiditate.\n\nSit fugit et consequatur ut in consequatur. Nostrum cumque aut modi id ex rem aliquam sit. Labore et et aut maxime.', 'https://lorempixel.com/400/400/?38270', 30),
(584, 'La liberté d\'avancer en toute sécurité', 'Earum omnis omnis quia aspernatur laboriosam et voluptatem dolor fugit facere a eaque illum nihil.', 'Officia ratione veniam blanditiis adipisci. Et voluptas fugiat officiis velit molestiae tenetur distinctio. Doloribus fugiat est consequatur mollitia odio. Distinctio facere quo dolor.\n\nVelit culpa est maxime explicabo esse tenetur. Nihil repudiandae quam quis. Error minima aut qui in. Illum quidem facere quia suscipit cumque voluptatem libero.\n\nVoluptatem sint ea sequi eveniet qui nemo mollitia. Id in omnis nostrum labore repellat et eos. Dolores et aut dolorem. Eius distinctio tempora cum et doloribus.\n\nFacilis consectetur et architecto esse. Suscipit est sed aspernatur veniam amet. Cumque cum omnis excepturi a recusandae error.\n\nRerum possimus expedita dolores totam aperiam in magnam. Voluptatem aliquid sed eligendi nihil necessitatibus quia. Quod rerum excepturi recusandae id. Cum pariatur necessitatibus eos eius nisi.', 'https://lorempixel.com/400/400/?12050', 30),
(585, 'La liberté de rouler naturellement', 'Commodi nulla sunt molestiae iusto maxime fuga eum voluptas dolor perspiciatis esse excepturi molestiae.', 'Voluptatem voluptatem voluptates molestiae corrupti qui. Rerum odit blanditiis consequatur nisi totam. Et blanditiis facere fugiat quae et. Dolorem quis unde deleniti voluptatibus.\n\nRepellat tenetur voluptatem minus nesciunt eveniet. Iusto ut quia consequatur ratione velit. Est non quae omnis est. Et est voluptatem tempora inventore enim.\n\nEt in quo et ut sequi qui deserunt. Nisi iure consequatur et voluptas sit vero eveniet. Ea quo et reprehenderit quisquam consequatur tempore dolorum.\n\nVero assumenda vitae aut mollitia. Ut ducimus eos explicabo quaerat voluptatem. Aut dolore reiciendis nobis sequi qui nihil nesciunt. Velit deserunt consequatur porro aperiam sed possimus neque.\n\nVoluptatem totam culpa qui id repellat dolor. Voluptate quibusdam eveniet dolorum cupiditate tenetur. Sed quod eos veniam.', 'https://lorempixel.com/400/400/?10331', 30),
(586, 'La liberté de concrétiser vos projets à sa source', 'Repudiandae qui ea minus est sequi nemo minus iste eius unde vero autem eos sed sed sint dolores.', 'Architecto rem expedita aliquid quis mollitia architecto qui. Neque minima aut enim molestiae commodi accusantium. Non ratione qui alias ullam animi.\n\nMolestiae commodi amet ut. Aliquid dolores minima deleniti expedita. Recusandae esse exercitationem nemo quia earum. Libero quasi voluptas mollitia assumenda rerum vero.\n\nLibero iusto consequuntur esse et ducimus autem repellendus. Sapiente qui voluptatum cumque voluptatem doloribus. Sequi magnam asperiores temporibus iste. Quis nulla et quo quis aut temporibus.\n\nQui vel aut dolor repellat. Cupiditate fuga libero deserunt ut vitae magni suscipit. Qui totam corporis blanditiis quis iste at. Sit aut autem voluptas est assumenda.\n\nQuas hic voluptatem voluptate repudiandae. Ipsum exercitationem harum animi est ipsam. Rerum totam deleniti est quia sequi qui soluta.', 'https://lorempixel.com/400/400/?28745', 30),
(587, 'L\'art de rouler en toute sécurité', 'Et sit et architecto quia quam consequuntur rerum illo ea ratione non iste.', 'Facere omnis autem facilis omnis sed sunt est esse. Quia labore voluptate minus dolorum.\n\nEt sint quia sed totam aut ut magnam. Ex aut rerum distinctio quo. Ratione amet laborum necessitatibus quis.\n\nRepellendus nam dolor consequatur fugiat facere. Deleniti occaecati iure sint tempore. Vel dignissimos voluptatibus repellat pariatur et at asperiores fuga. Praesentium voluptatem et voluptatem odit aliquam aut hic.\n\nVoluptatem praesentium repellendus itaque consequatur nihil unde. Odit assumenda culpa repellendus. Beatae dicta illo quos consectetur qui sunt. Sed et dicta et dolorum.\n\nDolorum quia ad quo enim. Dolores accusantium nostrum harum sequi. Est culpa iusto cupiditate aspernatur sint.', 'https://lorempixel.com/400/400/?82201', 31),
(588, 'La possibilité de louer autrement', 'Eius voluptatem dicta non repudiandae sapiente velit quaerat dicta et consectetur aut est officia.', 'Distinctio in placeat quia laboriosam omnis. Vel quis porro dolores fugit non quis aspernatur.\n\nArchitecto nisi reiciendis a eveniet dolore quo velit id. Et voluptate ullam eius ut quia animi eum. Vel aspernatur ut quia architecto omnis iusto dolor.\n\nSimilique et id dolores voluptatum quisquam maiores sed quia. Quasi consequuntur repellat et enim quis non in rerum. Facilis omnis facilis ut dolorum autem magnam.\n\nMagnam omnis id quia tempore sed. Voluptatem delectus sit sint nemo nihil aut qui. Est dolore non laborum quod.\n\nTotam dolores reiciendis minus. Dolorum et corrupti est numquam amet. Qui pariatur alias illo non sed.', 'https://lorempixel.com/400/400/?92577', 31),
(589, 'Le pouvoir d\'innover à l\'état pur', 'Debitis ut consequuntur eius aut aut sunt minus fuga dicta vero temporibus consequuntur amet in voluptatem laudantium quam doloribus vero.', 'Libero odio ea deserunt deleniti id neque. Dolorum delectus architecto architecto quia quia quod voluptatibus. Natus autem natus dolor dolor. Dolorem atque quo repudiandae labore alias.\n\nEos deleniti nulla temporibus. Error et cumque beatae dolorem et voluptate non. Earum quibusdam consequatur distinctio iste voluptatem earum.\n\nIure in odio omnis quia ab aliquam provident consequatur. Quos in quis commodi illo ipsam molestias maxime commodi. Rerum voluptatem fugiat excepturi itaque architecto.\n\nRatione ut ut beatae voluptas recusandae aperiam ipsa. Earum et est harum. Est voluptates sint vel ducimus et. Aut optio possimus dolor voluptas nemo aut reprehenderit.\n\nIllum odit et aut velit deleniti beatae. Aliquam eius quibusdam ut aut. Aut minus similique sed necessitatibus possimus ut at. Voluptas iusto est ut facere occaecati odit iste.', 'https://lorempixel.com/400/400/?62733', 31),
(590, 'Le confort d\'évoluer avant-tout', 'In aut sapiente itaque ullam velit quis maxime iusto sed temporibus dolore animi cupiditate esse aperiam ratione animi voluptatem velit voluptate.', 'Error repellendus ea quia nobis est. Deleniti totam accusantium et consequuntur ut pariatur architecto ut. Doloremque nihil asperiores ut a velit. Optio nesciunt sit a sint. Et porro incidunt hic et saepe esse.\n\nVoluptatem quia aut consequuntur maiores similique. Facilis laboriosam sit est voluptas numquam beatae quos. Amet nulla ut incidunt reiciendis quae.\n\nBlanditiis quia explicabo eum voluptate sunt debitis. Ut voluptatibus beatae soluta aliquam facilis atque rerum. Fugiat minus architecto ea. Quibusdam enim veniam quas ipsam voluptas ut.\n\nUt qui nulla at. In quas qui ad. Sit sint quisquam placeat cum voluptas eveniet perspiciatis. Iure et aspernatur voluptatibus.\n\nLabore iusto est in et omnis fuga repellendus et. Beatae nihil cumque qui ea est et corrupti voluptas. Ut aliquid autem velit distinctio ex.', 'https://lorempixel.com/400/400/?13852', 31),
(591, 'Le confort de louer de manière efficace', 'Sequi sed at mollitia cum laborum magni sapiente dicta fuga ullam aut soluta molestiae.', 'Aut delectus aperiam atque aperiam quam dignissimos qui. Distinctio quas minus voluptatem distinctio officia autem. Laboriosam asperiores non vel possimus aut.\n\nId dignissimos enim maiores commodi. Est delectus illum corrupti recusandae iusto. Error optio ad corporis quis est quasi nihil voluptates. Debitis facilis aut libero eveniet et dolor aut. Omnis molestiae omnis error eligendi in quia porro.\n\nConsectetur alias voluptas velit mollitia excepturi laborum quibusdam. Rerum ipsa voluptatem qui.\n\nQuia ut tenetur atque occaecati quia. Totam modi in pariatur omnis blanditiis occaecati quasi. Minima doloribus at reiciendis aspernatur et dolorem a vitae.\n\nOfficia quibusdam quia nam id ratione quis voluptatem quia. Sequi qui nisi rerum consequatur nisi. Dignissimos et voluptates consectetur et corrupti.', 'https://lorempixel.com/400/400/?20933', 31),
(592, 'La simplicité d\'avancer de manière efficace', 'Tenetur et debitis et facere qui nihil voluptatem sint impedit unde corrupti dolor ipsum consequatur qui quae.', 'Quia dolore voluptatum et vel id. Sequi quia amet doloribus. Illo totam odit ea molestiae omnis sunt.\n\nCorporis voluptatibus vel est officiis nisi consequuntur animi. In distinctio et autem reiciendis recusandae accusantium et beatae. Et repellat id et et accusantium quod. Velit tempore libero iste voluptatem consequuntur aut deleniti.\n\nSed consequatur eos quos eos omnis. Repellat et libero corrupti aut aut. Sequi sed pariatur est molestiae fugit. Vitae incidunt ipsa consequatur tempore exercitationem deleniti.\n\nEos ut cum autem rerum iste beatae ut dicta. Ut repellendus et et assumenda et voluptatem. Aut voluptatem sed esse minima et.\n\nQuas voluptas suscipit consequatur nulla consequatur. Totam alias et quasi eius consectetur consequatur amet. Dolorum iusto consequuntur repellat.', 'https://lorempixel.com/400/400/?76199', 31),
(593, 'Le confort de changer à l\'état pur', 'Sed unde maxime eum aut expedita eum quam pariatur et aspernatur ad vitae ea.', 'Esse placeat sequi error ut possimus. Quibusdam voluptatibus iure hic ex. Et dolorem et unde dolor quisquam non. Veritatis incidunt hic sit et sit illum rerum tenetur. Pariatur vitae eum tempore fugiat reiciendis.\n\nHic ea odit ducimus. Distinctio delectus repudiandae vel non. Rerum est libero repudiandae quia non.\n\nEa id occaecati modi et necessitatibus. Beatae placeat assumenda voluptatem. Et eos expedita sapiente ab.\n\nMaxime reiciendis dolor voluptas labore in et. Ipsum consequatur magnam eum nam nihil qui. Laborum quis aliquam culpa officiis.\n\nMaxime consectetur facilis praesentium unde a. Debitis corrupti et eos illum natus ducimus.', 'https://lorempixel.com/400/400/?40641', 32),
(594, 'La sécurité d\'innover à la pointe', 'Quod similique ea porro similique non sapiente voluptatibus sit quam reiciendis aut est.', 'Voluptatum quos sequi possimus dolor. Odit dolorum non rerum. Ducimus rerum omnis maxime quia quaerat eveniet. Nisi aut voluptatem enim consequatur exercitationem.\n\nOmnis quasi aut deleniti aut. Nesciunt omnis dolor non. Sint a commodi reprehenderit et consequatur quia iure. Possimus at qui veniam asperiores.\n\nEnim voluptatem ut sed praesentium nam libero. Non quod iure est similique corrupti iusto. Rerum quia dolorem eum nobis laboriosam.\n\nIllo eligendi tempore fugiat corporis est sapiente laudantium. Illum repellendus blanditiis temporibus eligendi vel. Est dignissimos animi est pariatur natus qui. Voluptatem tempore placeat alias occaecati accusantium.\n\nUnde accusantium quasi inventore et totam eum natus consequatur. Impedit magni tempora id vel beatae. Omnis eos beatae velit quia excepturi enim. Harum corporis qui omnis cum.', 'https://lorempixel.com/400/400/?69078', 32),
(595, 'Le plaisir d\'avancer naturellement', 'Sunt fuga amet iste et maiores quis et in qui ut explicabo nostrum nam et expedita sit.', 'Et aliquam harum delectus sed. Quae sit ex sed aperiam accusamus repudiandae consequatur. Nemo nam quasi exercitationem suscipit vitae nihil eos quaerat. Quis quo et est qui vero aut sequi.\n\nIpsam ipsum natus vel natus ducimus. Sit libero sed sit. Tempore nisi deleniti atque unde.\n\nEt qui officia autem quia voluptas adipisci. Suscipit placeat praesentium quia velit. Provident id facilis iusto quia quia.\n\nCorporis vitae illo quia et voluptas qui. Vitae error non cumque quasi. Voluptas voluptas qui unde praesentium ratione. Suscipit et quas sit molestiae officiis ullam illo. Qui ab aut voluptatum rerum ut blanditiis reprehenderit.\n\nDeserunt earum similique aut atque illum provident commodi. Qui porro quo vero praesentium. Ratione blanditiis dignissimos iste.', 'https://lorempixel.com/400/400/?77020', 32),
(596, 'Le plaisir d\'évoluer à la pointe', 'Id corrupti perferendis et cum error voluptatem ipsum aut facere aut error blanditiis.', 'Itaque non velit voluptatibus. Magnam sed suscipit exercitationem consequatur. Fuga aut nihil sunt dicta magni debitis vero. Odit id et rem ut temporibus iste commodi ducimus.\n\nOccaecati cupiditate in recusandae ipsam illo ratione et. Qui dolorem sunt voluptatum ex ut ipsa accusamus consequatur. Reiciendis itaque voluptas eum incidunt ipsa consequatur consequatur. Aut mollitia quae nostrum ut eligendi odio ut.\n\nTotam ut quisquam quibusdam et rerum consequuntur est. Sapiente facere eum eius labore. Illo reiciendis alias dolorem officiis deleniti voluptatem. Vitae quasi velit animi autem a.\n\nMolestiae odit occaecati qui magnam voluptatem deserunt. Tempora deserunt temporibus necessitatibus minima nobis minima. Nostrum omnis eos saepe error perferendis ut et. Assumenda laborum voluptatem et ipsam sunt autem.\n\nVoluptatem praesentium voluptatem reiciendis blanditiis aperiam et. Nobis dolorum dignissimos quia illum eligendi dolor rerum. Excepturi enim et dolores et nostrum eos cum.', 'https://lorempixel.com/400/400/?39546', 32),
(597, 'Le droit de louer de manière sûre', 'Sit facilis delectus nisi excepturi consequatur voluptas impedit ut minus fugiat repudiandae voluptas dicta asperiores quo alias iste iste et.', 'Aliquid eius vitae vel. Dolorum consequatur molestias quia sed consequatur. Odit dicta et eos vel ex voluptatem dolores nihil. Impedit enim amet ea voluptatem eveniet maiores. Molestiae neque ea molestiae ex iure est doloribus quibusdam.\n\nVoluptatem aut harum qui. Explicabo labore est iste natus quo quisquam. Magni eveniet et autem dolorum et rem tempore.\n\nQuas illum repellendus nihil cum ad explicabo. Tempore ea impedit quos eaque laboriosam odio. Enim ducimus voluptatem fuga fugiat distinctio est. Voluptas labore dolor aspernatur recusandae consequuntur reprehenderit placeat.\n\nTempore ut atque consequatur nam porro et. Molestiae in accusantium quisquam nesciunt excepturi.\n\nQui rerum error sed aut. Consectetur ipsam sunt vel qui et. Nulla nulla nesciunt ipsam esse. Aut qui est cumque et tempore odit.', 'https://lorempixel.com/400/400/?65675', 32),
(598, 'Le plaisir d\'atteindre vos buts naturellement', 'Dolore tempore et corrupti saepe voluptas ut velit cupiditate nemo.', 'Eligendi beatae modi iusto id temporibus. Itaque voluptatem maiores in sit quos at aliquid. Reprehenderit voluptatibus laudantium quasi qui sint maiores incidunt. Est pariatur non quis eligendi. Fugit consequuntur doloremque sed saepe voluptatem.\n\nVoluptate consequatur modi magni. Omnis enim omnis et voluptas quia exercitationem soluta. Aut ea incidunt odio nihil eius rerum velit animi.\n\nQui tenetur molestiae quae neque fugiat deserunt. Quam nihil sit officiis delectus corporis corporis aut doloribus. Ut est officiis dolores veritatis. Asperiores autem sit quisquam soluta velit doloremque quidem.\n\nConsequuntur quod sint deserunt explicabo doloribus perferendis in quae. Recusandae sed tenetur dolorum sapiente ut adipisci. Aut animi eos aut consequatur maxime eaque.\n\nEt nulla fuga totam quos. Pariatur cupiditate omnis deserunt. Eligendi qui qui quae fugiat placeat nihil. Provident et sapiente exercitationem error iure est.', 'https://lorempixel.com/400/400/?46474', 32),
(599, 'La possibilité d\'avancer autrement', 'Libero ea magnam corrupti nulla aperiam laboriosam earum aliquam quam nihil quas voluptas aliquam pariatur est vero illum perspiciatis at vel.', 'Sequi natus non error possimus alias temporibus omnis corrupti. Eligendi rerum tempora magni culpa sed qui. Et atque quo accusamus beatae.\n\nCum doloribus aut soluta et. Ipsa sequi quas aut et. Et et est est distinctio omnis et aliquam. Veniam aut esse dolore modi.\n\nRerum accusamus unde voluptatum labore. Ullam suscipit ea dolore distinctio. Inventore quia occaecati qui laudantium porro ut repudiandae. Placeat sed vero a veritatis repellat illum aspernatur.\n\nEt dignissimos autem harum nesciunt ut quo et sed. Quia a dolor vitae rerum quasi aut voluptas. Maiores voluptatem est facilis necessitatibus quod quam aut.\n\nEt consequuntur nemo nulla eaque porro. Consequatur nihil est asperiores quidem quia natus rerum ut. Odit voluptatem rerum illo eligendi quo porro et. Velit rerum excepturi et et.', 'https://lorempixel.com/400/400/?85402', 32),
(600, 'L\'assurance d\'innover à sa source', 'Consequatur ab quisquam ducimus et eligendi nisi in ex culpa cum nihil exercitationem debitis.', 'Blanditiis officiis non et aut assumenda. Vel repudiandae sit saepe iusto aut. Doloremque nam laboriosam magni. Fuga impedit dolore reiciendis.\n\nDolorum minima quis nihil qui est. Velit harum accusantium optio iure commodi commodi laborum. Voluptate soluta unde est qui aut.\n\nNihil in laudantium dolorem rerum et ex laudantium. Aliquam similique doloremque maiores dolor rerum ipsa et. Molestiae voluptate dolores doloremque. Aliquam in cupiditate qui laborum quae voluptatibus.\n\nReprehenderit voluptas aut quo deleniti ex et. Ut quas aut consequuntur. Blanditiis aperiam blanditiis id. Non distinctio enim sint iusto quasi.\n\nEt cupiditate aspernatur qui vel expedita. Libero eaque iure non quia.', 'https://lorempixel.com/400/400/?48101', 32),
(601, 'L\'art de louer plus rapidement', 'Sit quo veritatis quis corrupti ducimus tempore repellendus omnis autem eveniet quas et adipisci.', 'Ut illum ducimus quasi quia et dolorem maiores. Sit molestias debitis ipsum quos aut. Quaerat ipsum dolorem ut eum ad autem ut est.\n\nRepudiandae qui et sit quaerat consequatur non. Saepe eaque qui nesciunt sed. Soluta ipsa quibusdam cumque repellat repellendus. Soluta placeat sit delectus culpa ea explicabo.\n\nError vitae dicta et mollitia. Qui voluptas et rerum. Est architecto rerum qui facilis iste. Doloremque vitae exercitationem non excepturi amet quia.\n\nDignissimos ipsam eos eaque. Ut ut assumenda ea placeat et. Facilis maiores placeat in rerum dolores.\n\nMaxime veritatis incidunt libero consequatur molestias. Rerum quis quia ducimus alias. Similique molestiae velit ab quia optio veritatis.', 'https://lorempixel.com/400/400/?49923', 32),
(602, 'L\'assurance de louer à sa source', 'Quis qui necessitatibus quae adipisci eaque natus sint saepe ut nulla similique earum.', 'Quam quo voluptas est magnam exercitationem. Eos ullam magnam dolor dolores. Voluptatum et impedit ea sit sit neque. Laboriosam eum quis maxime repellat ipsa voluptas.\n\nSapiente quidem quod itaque illum. Architecto quia excepturi molestiae. Quibusdam iure rerum fugit aut. Dolorum aut illum debitis animi sequi.\n\nVoluptatem provident rem ea quidem suscipit porro cupiditate. Consequatur quo aut possimus. Autem quasi ipsum occaecati in ea. Eum maxime ad et et sit rerum.\n\nFugit ratione pariatur ab qui quasi quibusdam. Ut sit quo quia ut dolorem expedita expedita earum. Rem omnis dignissimos expedita consequatur ab suscipit molestias.\n\nIure voluptatem nam qui. Error in autem fuga quia non rerum soluta. Maiores nihil unde tempore et. Et dolorem saepe quos ipsum sed inventore.', 'https://lorempixel.com/400/400/?10843', 32),
(603, 'Le confort d\'avancer autrement', 'Est vel repellendus necessitatibus odit ut id aliquid fuga ex ducimus fugiat alias.', 'Iusto qui dolore qui nesciunt reprehenderit sint modi nihil. Placeat ratione cum minus nam. Tenetur aliquam neque voluptatem et sapiente amet nobis iste.\n\nEt qui eveniet porro reprehenderit necessitatibus. Voluptatem exercitationem voluptatum et omnis voluptatem. Fugit voluptates consequatur rerum autem nobis nisi et. Voluptas non sapiente nam autem optio voluptatem enim. Laborum ea ullam ipsa ratione et sunt et.\n\nEst esse voluptatem impedit ut dolor aut error. Dolorem corporis odit molestias debitis eveniet ipsum magni numquam. Enim sint cumque sapiente et. Consequatur nisi provident amet vitae iste.\n\nId nulla et iste excepturi sit. Vitae id nam ut ad ut et. Aut eius est recusandae non unde.\n\nDolores quia expedita dolore rem ut. Quo qui quas dolorum. Error enim nam perspiciatis eos.', 'https://lorempixel.com/400/400/?95488', 32),
(604, 'La simplicité d\'atteindre vos buts de manière sûre', 'Ea repudiandae qui animi corporis reiciendis repudiandae et expedita ut at culpa aut consequatur voluptatem in atque voluptatem ea.', 'A repellat eum minus tenetur voluptatibus soluta nulla. Qui et enim quis temporibus in vel. Reiciendis dolores quas deleniti ratione repellat. Voluptatem vel natus sit quo sed harum alias ullam.\n\nEnim consequatur praesentium deserunt qui alias sit consequatur. Non a eos est quidem. Consequatur fuga sit modi voluptas non.\n\nAtque necessitatibus sit libero repudiandae. Incidunt eaque sapiente sit sed voluptas voluptatum. Alias mollitia corporis iure ad deserunt nisi quam. Libero id voluptas unde beatae.\n\nDicta asperiores eveniet non. Consequatur dignissimos laboriosam cum perspiciatis error veniam. Cumque eos iste eius dolor consequatur. Voluptates repellat tempora molestiae et veniam.\n\nDolores sit aut quaerat iste dolores soluta. Hic qui quae exercitationem et provident. Eaque fugit et temporibus porro odio fuga. Harum et error aut ullam facere.', 'https://lorempixel.com/400/400/?42863', 32);

-- --------------------------------------------------------

--
-- Structure de la table `tag`
--

DROP TABLE IF EXISTS `tag`;
CREATE TABLE IF NOT EXISTS `tag` (
  `id` int(11) NOT NULL AUTO_INCREMENT,
  `title` varchar(255) COLLATE utf8mb4_unicode_ci NOT NULL,
  PRIMARY KEY (`id`)
) ENGINE=InnoDB AUTO_INCREMENT=36 DEFAULT CHARSET=utf8mb4 COLLATE=utf8mb4_unicode_ci;

--
-- Déchargement des données de la table `tag`
--

INSERT INTO `tag` (`id`, `title`) VALUES
(29, 'Marseille'),
(30, 'Corruption'),
(31, 'Banditisme'),
(32, 'Drogue'),
(33, 'Football'),
(34, 'Embouteillage'),
(35, 'Plages');

-- --------------------------------------------------------

--
-- Structure de la table `tag_post`
--

DROP TABLE IF EXISTS `tag_post`;
CREATE TABLE IF NOT EXISTS `tag_post` (
  `tag_id` int(11) NOT NULL,
  `post_id` int(11) NOT NULL,
  PRIMARY KEY (`tag_id`,`post_id`),
  KEY `IDX_B485D33BBAD26311` (`tag_id`),
  KEY `IDX_B485D33B4B89032C` (`post_id`)
) ENGINE=InnoDB DEFAULT CHARSET=utf8mb4 COLLATE=utf8mb4_unicode_ci;

--
-- Déchargement des données de la table `tag_post`
--

INSERT INTO `tag_post` (`tag_id`, `post_id`) VALUES
(29, 581),
(29, 582),
(29, 585),
(29, 586),
(29, 588),
(29, 589),
(29, 590),
(29, 595),
(29, 596),
(29, 598),
(29, 600),
(29, 602),
(29, 603),
(29, 604),
(30, 581),
(30, 583),
(30, 584),
(30, 585),
(30, 586),
(30, 587),
(30, 590),
(30, 593),
(30, 598),
(30, 600),
(30, 601),
(30, 602),
(30, 603),
(31, 580),
(31, 583),
(31, 584),
(31, 586),
(31, 587),
(31, 591),
(31, 592),
(31, 593),
(31, 594),
(31, 598),
(31, 599),
(31, 601),
(31, 602),
(32, 581),
(32, 584),
(32, 585),
(32, 587),
(32, 588),
(32, 590),
(32, 591),
(32, 592),
(32, 594),
(32, 597),
(32, 598),
(32, 599),
(32, 601),
(32, 602),
(32, 603),
(33, 581),
(33, 582),
(33, 583),
(33, 584),
(33, 587),
(33, 588),
(33, 592),
(33, 595),
(33, 596),
(33, 597),
(33, 599),
(33, 600),
(33, 603),
(33, 604),
(34, 580),
(34, 581),
(34, 582),
(34, 584),
(34, 585),
(34, 586),
(34, 587),
(34, 589),
(34, 590),
(34, 591),
(34, 595),
(34, 597),
(34, 598),
(34, 599),
(34, 600),
(34, 604),
(35, 580),
(35, 582),
(35, 585),
(35, 586),
(35, 588),
(35, 590),
(35, 597),
(35, 599),
(35, 600),
(35, 601),
(35, 602),
(35, 603),
(35, 604);

--
-- Contraintes pour les tables déchargées
--

--
-- Contraintes pour la table `comment`
--
ALTER TABLE `comment`
  ADD CONSTRAINT `FK_9474526C4B89032C` FOREIGN KEY (`post_id`) REFERENCES `post` (`id`);

--
-- Contraintes pour la table `post`
--
ALTER TABLE `post`
  ADD CONSTRAINT `FK_5A8A6C8D12469DE2` FOREIGN KEY (`category_id`) REFERENCES `category` (`id`);

--
-- Contraintes pour la table `tag_post`
--
ALTER TABLE `tag_post`
  ADD CONSTRAINT `FK_B485D33B4B89032C` FOREIGN KEY (`post_id`) REFERENCES `post` (`id`) ON DELETE CASCADE,
  ADD CONSTRAINT `FK_B485D33BBAD26311` FOREIGN KEY (`tag_id`) REFERENCES `tag` (`id`) ON DELETE CASCADE;
COMMIT;

/*!40101 SET CHARACTER_SET_CLIENT=@OLD_CHARACTER_SET_CLIENT */;
/*!40101 SET CHARACTER_SET_RESULTS=@OLD_CHARACTER_SET_RESULTS */;
/*!40101 SET COLLATION_CONNECTION=@OLD_COLLATION_CONNECTION */;
